teks;rating;tanggal;aplikasi;platform
@convomf Klo belom berani ke psikolog lgsg coba konsul ke psikolog online, halodoc misal.;;2025-01-18T00:18:55.000Z;Halodoc;Twitter
"K 24 &gt;&gt; Halodoc Cari K24 terdekat, pesen lewat wa, bayar qris, pesen gosend/grabexpress yg harga ongkirnya sangat murah 🫶🏼🫶🏼🫶🏼🫶🏼 terima kasih once again to @3OO5z yg sudah spill cara jitu hemat membeli obat ☺️  harga obatnya juga lebih murah dari halodoc xixi";;2025-01-05T05:32:39.000Z;Halodoc;Twitter
Uda seminggu lebih ga sembuh2, skrg nambah flu, barulah ke halodoc 😅;;2025-01-13T06:51:21.000Z;Halodoc;Twitter
DF Tanya. Ingfokan kode halodoc yg masih valid dong. Sender udh muak sama jerawat ga sembuh². Paling oke dokter siapa ya? https://t.co/7O1P7COwSx;;2025-01-02T05:42:55.000Z;Halodoc;Twitter
ada kode halodoc buat spkk ngga hari ini;;2025-01-30T01:44:23.000Z;Halodoc;Twitter
Ngga enak bgt sakit di luar negri. Ngga ada halodoc. 😷😷😷;;2025-01-12T10:23:26.000Z;Halodoc;Twitter
{Mu} rencana aku mau konsul tentang kondisi mukaku di halodoc karena cape banget coba2 ga ada yang cocok. Kalian ada yang punya rekomendasi dokter yang enak buat konsul ga? https://t.co/AhUX864dxy;;2025-01-06T09:59:19.000Z;Halodoc;Twitter
df adakah info kapan voc halodoc yg motong gede 😔;;2025-01-24T15:48:49.000Z;Halodoc;Twitter
Mau halodek atau halodoc?  Untung game, jadi ga usah milih HAHAHAHA AKU MAU ZAYNE SAMA CALEB HIHIHIHIHIHIHI;;2025-01-15T03:16:10.000Z;Halodoc;Twitter
@bonbonice_ emang yang bedain mereka berdua cuma profesinya kak halodoc vs halodec. silahkan pilih sesuai preference 🙏;;2025-01-16T12:23:36.000Z;Halodoc;Twitter
"{mu} ⚠️ TW CLOSED KOMEDO ⚠️ diresepin halodoc mediklin oren +  adapalane, udah sebulan tapi ngerasa nambah banyak. need help plis ;(  tia! 🙏 https://t.co/YdL8wTApvT";;2025-01-12T03:24:03.000Z;Halodoc;Twitter
Mau ngasih tau aja kl bisa berobat ke psikolog/psikiater tuh offline ya :) jgn cm halodoc/via telpon trs dah self diagnose. Gue pernah 2 kali konsul halodoc trs diagnosa sm obat yg dikasih ga nyambung (dikasih obat skizo pdhl gejala yg gue ceritain aja gada ke arah sana);;2025-01-15T07:06:45.000Z;Halodoc;Twitter
💚 Halo, mau tanya dong ada rekomendasi psikolog atau psikiater di halodoc gak yaa? tia titipan;;2025-01-03T07:20:11.000Z;Halodoc;Twitter
{mu} kondisi kulitku kaya gini, banyak jerawat kecil yang ada matanya. Udah konsul spkk di halodoc katanya suruh pakai mediklin sama cream aza, tapi aku masih takut sama efek sampingnya karena itu obat keras. Kalau pakai skincare aja mendingan pakai apa ya? Btw basic skincare ku https://t.co/Mi6vEQq7Sk;;2025-01-16T01:32:40.000Z;Halodoc;Twitter
💚 TOLONG KASIH TAU DOKTER DI APP HALODOC ATAU ALODOC YANG BAGUS DAN HELPFUL BUAT NGOBATIN MUKA BREAKOUT JERAWATAN BANYAK SEMUKA DONG PLISSSS😭😭😭 AKU UDAH CAPEK BANGET COBA2 SKINKER YANG KATANYA BUAT CALMING DAN SKIN BARRIER TAPI TETEP GAMEMPAN DAN ANCUR MUKA AKU😭😭 https://t.co/94yrvWHhNb;;2025-01-25T03:30:17.000Z;Halodoc;Twitter
@voumeyszo sungkar ayudia lu pada pacaran ngomong jorok mulu pas action malah kek orang tolol😭😭😭😭 jgn lupa beli morning after pill besok di halodoc ye biar gak tekdung;;2025-01-01T15:15:40.000Z;Halodoc;Twitter
HALODEC                 VS                HALODOC https://t.co/egM30RvReo;;2025-01-10T13:22:48.000Z;Halodoc;Twitter
Alhamdulillah, yesterday I got my best birthday gift from halodoc. Thanks a bunch for halodoc team for giving me chances to be HPV vaccinated. @HalodocID https://t.co/qKgQEtbMi3;;2025-01-01T13:04:39.000Z;Halodoc;Twitter
@tanyakanrl aku pernah ndeeeeer, aku konsul ke halodoc, ini rinciannya https://t.co/ydadtlf1Ot;;2025-01-23T08:10:25.000Z;Halodoc;Twitter
-rek butuh pendapat kalian dong. aku butuh ke psikolog dan aku punya 2 opsi (layanan psikolog kampus sama halodoc). menurut kalian mending yang mana ya? mungkin kalau ada yang pernah konsul psikolog di halodoc, ada rekom dokter ga? dan dia dibatasi waktu ga? makasih🙏;;2025-02-24T02:20:11.000Z;Halodoc;Twitter
Mau konsul aja antri 🙃 utilisasi Halodoc meningkat sepertinya… https://t.co/cRXBPyEtOL;;2025-02-16T14:05:45.000Z;Halodoc;Twitter
@hogwartown Kak, aku sembuh karena halodoc, jaga makan, sering-sering olahraga, jauhin makanan minyak, kalau udah dikasih salep sama dokter fokus ke lembab in aja, kalau bisa minum zinc plus deh bagus buat hormon;;2025-02-25T14:23:10.000Z;Halodoc;Twitter
@gojekindonesia Kak driver GoJek utk pengiriman Halodoc ga bisa dihubungi padahal pake instan uda mau 2 jam ga ada kabar gimana nih;;2025-02-23T04:56:02.000Z;Halodoc;Twitter
@ephvhylum Aku pake parasol gel nder Direkomendasiin sama dokter spkk halodoc Facetology juga bagus, itu juga direkomendasiin dokternya Kebetulan aku lagi jerawatan dan direkomendasiin itu;;2025-02-09T11:07:16.000Z;Halodoc;Twitter
@HyuvinnD_ @lionngrl Kak tapi ada baiknya Konsul karena ini emang biasa terjadi ke ibu muda, soalnya emang orang nyepelein kerjaan ibu rumah tangga. Kamu gak salah tapi juga gak bener. Bisa coba ke halodoc aja dulu kak. Aku gak bermaksud nyinggung ya tapi aku punya temen yang ngalamin juga.;;2025-02-15T16:08:23.000Z;Halodoc;Twitter
@hogwartown Saranku, langsung konsul halodoc aja kak. Sepanjang 2024 aku jerawatan trus bulan Desember memutuskan buat konsul. Ada banget efeknya per-Februari udh g jerawatan, tinggal ilangin bekasnya doang. Plus sekarang kulitku jd aluuusss bgtt dan banyak yg bilang  jd glowing juga😅 https://t.co/B4OxAx82LU;;2025-02-25T13:16:36.000Z;Halodoc;Twitter
kata aku mending kamu ke psikolog atau km bisa konsul di halodoc, jangan diterusin kasian;;2025-02-22T05:56:54.000Z;Halodoc;Twitter
Meh takon halodoc, mumet sing disebabke mergo raoleh tiket obat e opo yo? Paramex ora ngatasi soale 🙏🏿;;2025-02-15T03:08:09.000Z;Halodoc;Twitter
share pengalaman kalian pake salep dokter❗❗ aku baru co salep aza, reticor, niacef. abis konsul halodoc diresepin itu.. ada yang make juga gaa?? kira kira worth it gaa takut bgtttt😭 https://t.co/Mnbtlvrdzy;;2025-02-05T00:45:58.000Z;Halodoc;Twitter
muka lagi jerawatan dan bekas jerawat banyak mending treatment atau konsul halodoc ya {mu};;2025-02-25T09:46:20.000Z;Halodoc;Twitter
h+1 bertemu dengan para wanita ular HAHAHAHA (ga sempet ke klinik jadinya ke halodoc alias makin banyak gw liat2)🥹🥹🥹🥹🥹 https://t.co/Aa73WqpNwJ;;2025-02-03T03:18:20.000Z;Halodoc;Twitter
[Bb] kaliaj yg pake halodoc bisa jd bersih ga sender kulitnya super sensi sedih aja udh pake tp jrawat on off cuma emg belum nemu fw yg cocok tiap cumuk nambah trs :( pls yakinin sender bisa sembuh cuma modal di halodoc;;2025-02-08T12:39:47.000Z;Halodoc;Twitter
[bb] TW // Jerawat ada saran skincare apa yang oke ga guys apa mending konsul halodoc? kulit aku semenjak pindah ke jkt jadi gini dulunya mulus jarang jerawatan🥹 https://t.co/6S1niFfWEF;;2025-02-23T07:46:33.000Z;Halodoc;Twitter
Kak tolong minimal kamu sisihkan uangmu untuk ke aplikasi halodoc. Kalo keputihannya cairan biasa, normal. Tapi kalo sudah sampai berbentuk ampas tahu apalagi berbau dan gatal perlu obat resep dokter. Takutnya ada infeksi jamur. Kemarin aku juga begini dan langsung gercep, https://t.co/bIQsgGCYuz;;2025-02-18T15:32:40.000Z;Halodoc;Twitter
"Jangan biarkan kanker menghalangi harapan 💜 Di Hari Kanker Sedunia ini, yuk cari tahu lebih banyak tentang pencegahan &amp; dukungan kanker di Halodoc via aplikasi MyTelkomsel! #IniItuMakinGampang https://t.co/Deb2k8bZKt";;2025-02-04T01:22:08.000Z;Halodoc;Twitter
@rubinesee @assyvanab Setuju, waktu saya konsul ke dokter di halodoc jg saya bikin paraghraph. Urutan mulai sakit, keluhan², kondisi terkini, sampai kirimkan foto juga.   Kalo dokternya typing jgn spam chat. Tunggu dulu sampe dokternya nulis, baru bales lg. Gitu sih pengalaman saya pake halodoc;;2025-02-22T00:44:50.000Z;Halodoc;Twitter
kcg! Ada yg pernah konsul buat majikan di halodoc? Kalian biasanya sama dokter siapa? Tolong rekomen drh di halodoc;;2025-02-12T11:40:05.000Z;Halodoc;Twitter
"mending ttp ke psikolog krn bisa dibantu sm ahlinya. Btw, ke psikolog bisa pake bpjs jg ko skrg, &amp; ada namanya app halodoc dengan rate start dibawah 100rb.. pls jgn ragu to ask for help if y’all feel smthg isn't okay with yourselves. Love yourselves first, guys 💗 https://t.co/rn5jNeV2Fk";;2025-02-10T12:52:12.000Z;Halodoc;Twitter
joki surat sakit halodoc semarang #zonauang;;2025-02-12T03:27:14.000Z;Halodoc;Twitter
Gais sebenernya aku lagi sedih dan capek bangetttt... 🤧🤧🤧 Dari minggu kemarin bbrp hari ini udah gejala2 sakit bgt, udah batuk2 sampe suara abis total di hari Minggu.. senin jg periksa halodoc dan cuti smp hari ini.. tapi ya emosinya memuncak di dua hari ini, karena sakitnya;;2025-02-18T15:10:10.000Z;Halodoc;Twitter
Manfaat Donor Darah : 1. Menjaga Kesehatan Jantung 2. Meningkatkan Sel Darah Merah 3. Membakar Kalori  4. Menurunkan resiko kanker  5. Menurunkan Kolesterol  6. Menurunkan kelebihan zat besi  7. Memaksimalkan kapasitas organ paru-paru. 8. Meningkatkan kinerja organ ginjal dalam https://t.co/6KouzRgbij;;2025-02-16T00:31:08.000Z;Halodoc;Twitter
{mu} gurls ada yang tau ga ini skin barrier rusak atau close comedo? dan gimana cara ngatasin nya? udah ke halodoc juga masi gini gini aja https://t.co/zPgUI4agQs;;2025-02-03T14:40:04.000Z;Halodoc;Twitter
{mu} Baru pertama kali mau konsul dr. Sp.KK di halodoc, permasalahan wajah aku breakout lumayan parah, jerawat on off, purging dan st normal to dry. Mungkin ada yg pernah mengalami permasaahan yang sama kaya aku, pliss rekomendasiin diantara 4 dokter ini lebih baik yang mana? Tia https://t.co/vojzG77N58;;2025-02-27T05:25:11.000Z;Halodoc;Twitter
eh pernah gak story lu tbtb direply halodoc?😭 https://t.co/qdv2UwiYBp;;2025-02-18T11:45:13.000Z;Halodoc;Twitter
Bedanya AHA BHA PHA VS RETINOL Retinol : untuk anti aging, bisa mengurangi flek hitam, mengatasi jerawat (krna dia mengurangi minyak dan bersihin pori), bikin kulit lebih halus.  AHA BHA PHA : mengangkat sel kulit mati, ngatasin minyak berlebih, ngurangin komedo, jerawat yang https://t.co/b4K3uxIajG;;2025-02-13T05:37:27.000Z;Halodoc;Twitter
guyss konsul di halodoc yang biasa untuk kulit itu kaya gini bukann? soalnya murah bgt aku takut salahh wkwk https://t.co/5N2EQ0trJo;;2025-02-13T03:33:36.000Z;Halodoc;Twitter
YaAllah semoga yg bikin halodoc masuk surga 😭 Orang sakit gabisa disuruh antre lama2 buat dapet obat sama surat sakit doang 🤧 https://t.co/XaIlXCcMmr;;2025-02-17T05:28:27.000Z;Halodoc;Twitter
"thanks to halodoc akhirnya aku berani pake active ingredients lagi setelah stop beberapa bulan karena kulit aku breakout &amp; perih :') kapan2 deh sharing experince aku konsul ke halodoc &amp; produk apa aja yang aku pake 🫶🏻 https://t.co/owMcFIDsfn";;2025-02-25T09:45:18.000Z;Halodoc;Twitter
💚 ada yg pernah kyk aku juga kah? dan boleh dong tolong rekomendasiin psikiater atau psikolog di halodoc (kalo ada apk lain gpp). terimakasih🙏🏻 https://t.co/hmF7mcTOJC;;2025-02-19T07:20:14.000Z;Halodoc;Twitter
-rek ada rekomendasi dokter kulit di halodoc ga ya? Tiba tiba banget aku bentol bentol (kayak alergi?) terus ngelupas gitu lukanya, minta tolong ya rek;;2025-03-05T12:05:17.000Z;Halodoc;Twitter
@ohmy_beautybank halodoc, percaya sama gueeeeee. gue sembuh dari jerawat rindu ga ada sebulan setelah diresepin persalepan halodoc;;2025-03-06T15:18:56.000Z;Halodoc;Twitter
"bayar mahal"" lewat halodoc, tapi slowrespon  aneh";;2025-03-20T20:14:55.000Z;Halodoc;Twitter
urgent, cara delivery obat gimana ya?? butuh bgt skrng plssss. halodoc tuh datengnya kapan sih?? bs skrng juga ga ya;;2025-03-16T18:28:36.000Z;Halodoc;Twitter
Siapa suruh macarin halodoc cerewet https://t.co/nORZgJQvxw;;2025-03-15T05:21:50.000Z;Halodoc;Twitter
hello guys!! any recommendation for good psycholog online?? halodoc maybe?? ato any other platform would be fine, thanks!!!;;2025-03-21T13:06:33.000Z;Halodoc;Twitter
Hallo halloo Disini ada yg pernah konsul permasalahan kulit terutama seputar break out/jerawat di halodoc ga ya?? Ada recommend dokter kah?? Yg enak jelasinnya dan hasil konsulnya pas gitu. Trus ini tu bedanya apa ya yg 59 sama yg up 100+?? Dafi resep obatanya kah apa gimana? TIA https://t.co/fT6ps4aARv;;2025-03-23T01:35:38.000Z;Halodoc;Twitter
@NugrahaRM17 Aku nggak ke klinik krn aku nggak mau diresepin krim klinik, aku ke halodoc/spkk mandiri;;2025-03-28T11:06:26.000Z;Halodoc;Twitter
"""Paket baju lebaranku blm dikirim woi, padahal mau dipake day 1"" ""Paket bajuku jg masihh dijalan, takut ga sampeee"". Sementara aku malah co nya wings, guardian, panci listrik, hijab sport, halodoc😂";;2025-03-25T02:19:49.000Z;Halodoc;Twitter
Halo kalau konsul di halodoc, obatnya ga beli di halodoc tp beli di apotek offline bisa? Kaya tinggal tunjukin resep dr halodoc gitu bisa kah?;;2025-03-01T11:30:00.000Z;Halodoc;Twitter
ada yang pernah berobat di halodoc?;;2025-03-15T08:20:46.000Z;Halodoc;Twitter
jends! doain semoga surat izin beristirahat aku dari dokter halodoc bisa diacc sama dosen:(( aku mau periksa ke dokter pun gakuat bangun bener” pusing bangett huhu, sender anak kos jadi kalo sakit gabisa mintol kesiapapun:( jadi cuma bisa konsul online;;2025-03-03T00:35:45.000Z;Halodoc;Twitter
@JGLOWLUV 4 ini nder, terutama salep mediklin (dari konsul halodoc) sama moist the originote 😭😭 bo parah dan lamaa. Klo ss emina bikin bruntusan. Avoskin ga cocok krna lnsg iritasi https://t.co/4E1YFOJStU;;2025-03-26T04:52:17.000Z;Halodoc;Twitter
"@jenonadd ih bener. mau cerita juga. beberapa bulan belakangan ini mukaku kayak makin banyak bruntusan &amp; tekstur gt. sebelumnya udah beli serum salicylic acid yg katanya bagus buat jerawat, tetep aja ga mempan. akhirnya awal bulan ini mutusin ke spkk via halodoc dannn alhamdulillah bgt";;2025-03-29T21:53:32.000Z;Halodoc;Twitter
Halo Guys! Aku lagi butuh responden u/ penelitian aku Kalau kalian: 1. Pengguna Aplikasi Halodoc 2. Pernah menggunakan aplikasi Halodoc minimal dalam 6 bulan terakhir 3. Berusia minimal 18 Tahun Tolong bantu isi ini ya! https://t.co/crHLihweEq Hadiah saldo Gopay u/ 10 org🤩🥰;;2025-03-08T12:55:37.000Z;Halodoc;Twitter
@convomf nder sama kek aku, kemarin aku konsul ke halodoc kalo itu dermatitis seboroik. trs disuruh keramas tiap hari pakai ketomed dan selsun gold pakainya gantian selang seling gt. terus kalo rambut udah kering di pakein salep ini. dan skrg udah better. tapi hrs resep dokter belinya ya https://t.co/9UgSAFKlii;;2025-03-09T14:42:19.000Z;Halodoc;Twitter
Bangun tidur daftar ortopedi halodoc…;;2025-03-15T08:03:45.000Z;Halodoc;Twitter
@berburusales Bismillah lgsg download halodoc, mau konsul mata minus obatnya apa yaa, ada yg tau ngga please🥺;;2025-03-05T02:13:00.000Z;Halodoc;Twitter
konsul halodoc dikasih resep habis 350k YAALLAH GINI AMAT😭😭😭;;2025-03-03T17:22:39.000Z;Halodoc;Twitter
@tanyakanrl Nanya ke dokter nder, ada halodoc juga. Terus dikasih konten sensitif dong nderr🙃;;2025-03-13T09:45:18.000Z;Halodoc;Twitter
we, itu magz selain ke bahu mantan ga punya hp kah buat download halodoc? ada tuh dokter buat kesehatan jiwa, udah gue cek, nah 50 juta dr hasil model mending lu atur jadwal samaa dokter di halodoc, paling mahal 135 rb ege #moqeel;;2025-03-18T19:20:26.000Z;Halodoc;Twitter
@tanyakanrl ini kaya dermatitis seboroik yaa.. (ketombe yg bisa di kletek) tp coba cek deh ke spkk lewat halodoc gt, kalo emang dermatitis pake sampo ketomed sama pakein salep desolex (tapi ini golongan obat keras jdi hrus resep dokter + biasanya di pantau dokter buat seminggu kedepan);;2025-03-17T21:04:02.000Z;Halodoc;Twitter
Cant sleep I think i have sleeping disorder Udah hampir sebulan keknya gini terus🙂 Info dong, kalau ke dokter di halodoc kira2 ke dokter apa guys;;2025-03-26T23:58:32.000Z;Halodoc;Twitter
@ohmy_beautybank Gue juga bgtu nih udah tiga bulan. Mau nyobain produk abc kaya di reply tapu dah cape soalnya malah bikin makin banyak. Mau konsul ke halodoc, tapi belom pernah. Ada yg bisa ngasi turial cara konsul disitu? Sekalian dokter rekomen nya gitu 😭😭;;2025-03-07T00:21:17.000Z;Halodoc;Twitter
semenjak lepas dari klinik kecantikan, semua skincare rekomendasi dari tiktok dicoba, dari dokter halodoc pun dicoba, dan beginilah bentukan gaji aku 3 bulan ini 🧎🏻‍♀️🧎🏻‍♀️🧎🏻‍♀️ alhamdulillah masyaAllah udah better bangett, terimakasi semua yang ga malu jalan atau main sm aku 😭😭 https://t.co/hgnJAc48Yn;;2025-03-11T16:45:35.000Z;Halodoc;Twitter
@ajengrrahmat Waktu itu ky gt trs konsul ke halodoc ampuh bgt ga butuh waktu berhari-hari ga ada bekasnya juga https://t.co/CiCi0U85Ln;;2025-03-04T02:44:43.000Z;Halodoc;Twitter
[bb] gaiss rekomenin dokter spkk di halodoc yang bagus dan fast respon dong, sama kasih tau apa aja yang harus ditanyain selama konsul😭🙏🏻 cr : halodoc https://t.co/VAAnTF434s;;2025-03-01T12:02:49.000Z;Halodoc;Twitter
Sekedar berbagi pengalaman pribadi… Buat yg akan menikah atau sedang merencanakan pernikahan, selagi budgetnya masih ada PLEASE take these medical tests. Di RS rata-rata jutaan karena paketnya komplit, kalo mau basic dan lebih terjangkau bisa pake Home Service Halodoc 👍🏻;;2025-03-16T00:12:02.000Z;Halodoc;Twitter
seminggu ini aku lahi pake salep dokter dari halodoc buat ngobatin jerawat dan bikin kondisi muka KERING BANGET dan PANAS perih ketarik.  udah coba beberapa moist yang aku punya tapi punya wardah yang feel abis pake ga tambah panas tapi malah adem, cooling effectnya real🫰🏻 https://t.co/jbQQosQsKP;;2025-03-16T05:48:47.000Z;Halodoc;Twitter
yaallah gua cinta bgt sm dokter halodoc yg readynya beneran ready stay in chat trs responsif krn seringnya gua dpt yg gajelas kdg ga stay di chat pdhl lg urgent dsb huaa, fr it’s me n the gerd against the world;;2025-03-21T23:06:39.000Z;Halodoc;Twitter
@jenonadd RIL! setahun jerawat on off mulai kalem semenjak ke spkk walaupun via halodoc. pdhl ud keluar duit hampir jutaan buat skincare. ternyata emg hrs back to basic n nurut resep dokter. gausah buang2 duit buat skincare ini itu dah, spkk for the rescue! klo ada budget lebih treatment;;2025-03-29T16:52:43.000Z;Halodoc;Twitter
update Tama! semalem tiba2 pecah absesnya keluar nanah deres banget. sebagai pertolongan pertama, karena dokter yg biasa nanganin dia ngga respon kalo malam hari, aku konsul ke halodoc untuk penanganan awalnya. hari ini ke dokter buat bersihin luka dan ternyata- https://t.co/XD2ag7G2w4;;2025-03-30T06:13:18.000Z;Halodoc;Twitter
MINIMAL KONSULTASI KE PSIKOLOG HALODOC PLSSS LU SAKIT JIWAAA https://t.co/Z6f76gmhEK;;2025-03-27T11:44:50.000Z;Halodoc;Twitter
gue setelah mengeliminasi obat2an dari keranjang halodoc utk gejala yg “gak parah bgt” once the total payment hits 300k+   https://t.co/UgDvNCKfjT;;2025-03-16T08:30:35.000Z;Halodoc;Twitter
gais aku lagi need 5 responden buat penelitian aku yang bisa diwawancara secara online atau bisa ketemuan langsung yaa 1. pengguna halodoc psikiater 2. Remaja 15-21 tahun 3. Domisi bekasi ada fee nya yaa buat per orang #infoloker #halodoc #lokerbekasi #zonauag #lokerbekasi;;2025-03-11T13:30:28.000Z;Halodoc;Twitter
Yang udah umur 20thn mau pakai retinol, bisa cobain retinol dicombo sama snail mucin. Cara pakainya : Double cleansing - Essence snail mucin - Retinol - Moist snail mucin. Snail mucin + retinol kalau dilayer bikin kulit minim iritasi atau kulit kering dari si retinol, bisa https://t.co/1VNBfBMFXf;;2025-03-15T03:28:04.000Z;Halodoc;Twitter
"@loivelies pas breakout konsul di halodoc diresepin niacef sama dokternya &amp; kalian bisa liat sendiri kondisi kulit yang tadinya kusam jerawatan sekarang udah mendingan banget 😭🫶🏻 btw kl mediklin wajib resep dokter yah! https://t.co/JRIEpnNxs1";;2025-03-17T13:09:44.000Z;Halodoc;Twitter
Oily acne prone skin yang gak cocok sama ceramide, bisa cobain moist yang ada ingredients panthenol.  Karrna panthenol fokusnya buat meredakan redness, calming jerawat yang lagi meradang, melembabkan kulit.  Kalau panthenol jgn dilayer sama AHA BHA PHA, retinol, vit c ya guys;;2025-03-12T05:48:41.000Z;Halodoc;Twitter
@integriitea setuju banget labore, ini berkat konsul di halodoc disaranin dokternya pake moist labore + persalepan resep dari dokternya 🥹👌🏻 https://t.co/JRXSNNQRwL;;2025-03-01T16:24:36.000Z;Halodoc;Twitter
Skin barrier rusak itu ciri ciri nya : pakai skincare apapun perih, muncul jerawat terus menerus di tempat yg gak biasa muncul jerawat, kulit jadi super kering bahkan bisa sampai ngelupas, beruntusan berkepanjangan. Kalau gini, coba ganti face wash yg gentle non sls sama ganti;;2025-03-22T03:38:32.000Z;Halodoc;Twitter
Alhamdulillah baru bisa install Bekal Islam versi terbaru. Asik bgt di appsnya bs nanya2 ke ustadz, kek halodoc :') Versi terbaru ini ui ux designnya jg jauh lebih mantap. https://t.co/LjCbwsPOwV;;2025-03-11T02:04:56.000Z;Halodoc;Twitter
Kalau kulit kalian type yg berminyak, pagi sama siang nya gak usah pakai moisturizer gapapa. Cukup pakai serum vit c atau niacinamide dilayer sama sunscreen aja dah cukup.  Terus kalau lagi ada jerawat meradang, tapi sunscreen yg kalian punya itu bikin memperparah peradangan;;2025-03-23T00:40:28.000Z;Halodoc;Twitter
TIPS SKINCARE BUAT PEMULA✨️ Double cleansing - moist - serum 1 aja sesuai kebutuhan- sunscreen - peeling serum kalau sudah umur 20thn. Gak perlu beli banyak product, itu aja dulu dan cari ingredients yang cocok buat kulit. Ini contoh ingredients sesuai skintype : • Kulit;;2025-03-05T02:54:50.000Z;Halodoc;Twitter
me winning a GA after i got scammed by halodoc (read: my insurance claim was rejected and they r forcing me to pay 😔);;2025-03-24T15:58:42.000Z;Halodoc;Twitter
@tanyarlfes Better sih konsul ke spkk nder, soalnya adikku juga begini. Dia cobain jenis2 skincare, ngikutin saran orang. Bukannya membaik malah makin ga sembuh2, terus Konsul ke halodoc dan dresepin bberapa obat, dan Alhamdulillah udh sembuh sekarang;;2025-04-20T07:28:23.000Z;Halodoc;Twitter
Aku kemaren baru konsul ke spkk halodoc diresepin salep dan hari ini cari² ke apotek k*m*a f*rm*a ternyata pada kosong produknya, mau tanya apa boleh beli di 🍊 ya?;;2025-04-18T12:18:30.000Z;Halodoc;Twitter
@womanfeeds_id guysss mau tanyaa dokter spkk dr halodoc yg recomend siapaa yaa;;2025-04-06T10:56:38.000Z;Halodoc;Twitter
@sarahbae94 aku iya, setelah konsul sama spkk di halodoc pakai persalepan jadi budgetnya juga berkurang ngga pakai serum lagi. tapi kalau treatment aku masih tetap lancar;;2025-04-03T19:08:12.000Z;Halodoc;Twitter
@kochengfs kamu ada kucing jantan ga dirumah ? coba konsul halodoc aja berbayar tp lbh murah;;2025-04-12T06:46:12.000Z;Halodoc;Twitter
CLOSED COMEDONES susah banget ilang‼️  Aku tu jarang breakout tp kalo udah kayak gini lumayan lama sembuhinnya🥹 Akhirnya aku konsul halodoc dan diresepin salep : VITACID, AZA, MEDIKLIN Selama breakout aku cuma pake basic skincare dan salep dari halodoc aja https://t.co/R1V4wJdEAo;;2025-04-20T05:02:05.000Z;Halodoc;Twitter
konsultasi soal jerawat sama dokter SPKK di halodoc mending cari dokter yang segender apa bebas? (aku cowok);;2025-04-19T09:40:46.000Z;Halodoc;Twitter
@unicelounge Yang pertama harus km lakuin jangan digaruk nder, sumpah deh tahanin aja drpd makin nyebar, trs km bisa konsul ke halodoc atau ke dokter, klo udh tau penyebabnya apa baru bisa deh nanti paling dikasih obat salep, masalahnya tiap tiap salep kulit beda beda fungsi;;2025-04-01T04:46:54.000Z;Halodoc;Twitter
OKAY???? HOLYSHIT HALODOC???? WHAT DOES THIS MEAN??? https://t.co/rgoY6tSogK;;2025-04-01T02:43:54.000Z;Halodoc;Twitter
Akhirnya sampe rumah, semoga lekas sembuh Halodoc ini wrapping paketnya oke banget sumpah https://t.co/SFI8bmg20s;;2025-04-15T04:14:33.000Z;Halodoc;Twitter
"@convomf AKU LAGI BEGINI NDER!!! tapi sekarang udah mengering. aku pake salep inerson (pas lagi merah-merah atau kerasa gatel), sama pake krim carmed. mandinya pake sabun cetaphil &amp; jangan pake air panas. semua hasil rese dan saran dokter halodoc.";;2025-04-26T16:21:37.000Z;Halodoc;Twitter
"💚 Mending konsul spkk halodoc biasa atau lewat haloskin ya? Haloskin males nebus salep racikannya, kulitku rawan ketergantungan. Ini gatel banget &amp; ga ngaruh dikasi skinker jerawat, diexfo jg gada perubahan. https://t.co/92Vmv4dd5E";;2025-04-21T10:40:12.000Z;Halodoc;Twitter
kalian yg diresepin vitacid / adapalen sm halodoc, reviewnya gimana? udah sembuh dr jerawat? {mu};;2025-04-01T01:46:51.000Z;Halodoc;Twitter
kalian yg diresepin vitacid / adapalen sm halodoc, reviewnya gimana? udah sembuh dr jerawat? [bb];;2025-04-01T01:34:52.000Z;Halodoc;Twitter
@0712space Halodoc kan bs ya psikolog yg vidcall? Boleh tu..;;2025-04-19T13:02:53.000Z;Halodoc;Twitter
Tanya ada kode voc konsul dokter spkk di  halodoc ga ges?;;2025-04-26T05:32:30.000Z;Halodoc;Twitter
mau gw daftarin https://t.co/JbJ0C7gplt apa gw bayarin halodoc bang? 😔🫰🏻;;2025-04-27T07:23:59.000Z;Halodoc;Twitter
psikolog halodoc = weed from gas station;;2025-04-08T13:23:34.000Z;Halodoc;Twitter
Just ate pop mie for breakfast and now halodoc calling me fat https://t.co/2cdTVgk6nh;;2025-04-22T02:37:40.000Z;Halodoc;Twitter
h+1 lebaran sudah gawe, hmm resiko jd halodoc https://t.co/cHekZokc9L;;2025-04-01T06:39:43.000Z;Halodoc;Twitter
kcg! ada yang pernah konsul drh di halodoc gak ya? mau rekomen dokternya dong kalo ada, makasii;;2025-04-20T09:05:05.000Z;Halodoc;Twitter
My friend contacted Halodoc and PAID with her own money. All she got was judgment. And if someone who wanna try contact professionals but they don't have any money, what should they do? Even u dont ever try to fit their shoes or ever had in their situation.;;2025-04-18T09:10:01.000Z;Halodoc;Twitter
"@womanfeeds_id aku disaranin pake ini pas konsul di halodoc, gatau kenapa manjur bgt bikin muka cerah dibanding serum niacin gitu &amp; muka tu berasa mulus juga lagi 😭👍🏻 point plus harganya murceee https://t.co/IWhTuIVqS0";;2025-04-06T19:47:01.000Z;Halodoc;Twitter
[bb] sender berencana konsul halodoc, tapi buat teman teman yang punya keluhan sama boleh sharing ya, apa yang harus sender lakuin dan apa yang harus diganti/ditambah, makasii🤍 https://t.co/hZEb8AweHb;;2025-04-01T19:16:48.000Z;Halodoc;Twitter
{mu} guys yg jerawat dan bekasnya sembuh tanpa resep dokter spill skincare nya dongg, sender mau konsul halodoc tp masih maju mundur 😩 yg sembuh dengan konsul spill juga dongg;;2025-04-11T04:48:12.000Z;Halodoc;Twitter
💚 Kalo kita berobat di aplikasi kayak alodokter/ halodoc, trus dapat resep. Nanti resepnya bisa kita tebus di apotek terdekat ga ya? Atau harus lewat aplikasi juga?;;2025-04-11T01:15:08.000Z;Halodoc;Twitter
guys resep obat dr dokter bisa online gakk kaya halodoc gt;;2025-04-01T18:15:59.000Z;Halodoc;Twitter
@k3iisan as long as ga buanyaakk bgt masih normal sender, pernah konsul halodoc kl masih 100 helai wajar kata dokternya wajar. kl dah lebih tandanya baru pasti ada faktor lain;;2025-04-18T10:31:46.000Z;Halodoc;Twitter
"Definisi ""sehat itu mahal"". Ceritanya tadi pagi, karena kondisiku ga kunjung membaik, akhirnya periksa lewat halodoc. Singkat cerita, dikasih resep obat sama dokternya dan ketika ditebus resepnya habis sekitar 200k-an 🙂 Dijaga ya kesehatan kalian, moots! https://t.co/7qrWabJfTh";;2025-04-28T01:51:08.000Z;Halodoc;Twitter
Mantep jg skinker halodoc https://t.co/arnsPCtrlm;;2025-04-08T17:07:59.000Z;Halodoc;Twitter
foto atas 19 Maret 2025, foto bawah pagi ini. Lagi-lagi kulit jd mendingan karena konsul ke SpKK di halodoc dan pake resep salepnya😭👍🏻 https://t.co/tyLpVCir47;;2025-04-16T01:04:47.000Z;Halodoc;Twitter
"Lebaran boleh makan enak, tapi habis itu tanggung jawab dong! Jaga pola makan &amp; tetap aktif biar sehat. Badan happy, hati juga senang!  📷Image from: halodoc https://t.co/QeG4KphzK1";;2025-04-01T03:25:18.000Z;Halodoc;Twitter
halodoc murah tapi katanya judgemental psikolognya kwkwkwk;;2025-05-12T06:35:34.000Z;Halodoc;Twitter
Guysss mending konsul spkk halodoc ke dokter Corry, rina, atau astrid yaaa? Bingung bgt huhuuu masalah kulit aku berjerawat, on off, sering beruntusan;;2025-05-03T16:07:13.000Z;Halodoc;Twitter
haii ask! ada yang punya rekomend dokter psikolog di halodoc ga? tencu;;2025-05-08T18:20:02.000Z;Halodoc;Twitter
"double cleansing pakai micellar water+kapas emang rawan banget bikin kulit iritasi! waktu itu sempet konsul di Halodoc🩺👩‍⚕️, karena kulit aku kering &amp; iritasi… di saranin buat double cleansing pakai ✨CLEANSING OIL✨ https://t.co/AwuDQrKYUn";;2025-05-21T11:30:27.000Z;Halodoc;Twitter
guys bantu ak barter kuesioner butuh 400 respondents, kriterianya pernah pake app halodoc alodokter or sejenisnya plspls hmu;;2025-05-08T09:12:53.000Z;Halodoc;Twitter
ada orank konsultasi halodoc jam sgni… jam 23.39;;2025-05-03T16:39:15.000Z;Halodoc;Twitter
treating this app like a halodoc consultation chat, reddit wall, confession box, therapy journal and everything in between;;2025-05-17T19:47:41.000Z;Halodoc;Twitter
@mediterariaa_ kak psikolog ku yg sekarang dari halodoc tapi ga judgmental kokkk;;2025-05-12T06:58:16.000Z;Halodoc;Twitter
Dr. Amier S.Psi., M.RPS. konselingnya bagus bgt guys just gave them a 5/5⭐️ on halodoc;;2025-05-04T13:01:44.000Z;Halodoc;Twitter
skin update better?  masih bersyukur bgt ambil jalan halodoc😭🙏 https://t.co/VcvY2GU9pK;;2025-05-06T16:30:57.000Z;Halodoc;Twitter
malem-malem begini paling bener ngobrol sama dokter di halodoc wkwkw gapapa daripada w nangis gajelas🥰🤍;;2025-05-13T15:15:26.000Z;Halodoc;Twitter
guys aku udh sembuh alhamdulillah pake halodoc diresepin obat😭🙏🏻 kaget dikit tiba2 rame pol makasih banyak saran masukannya🥺🫶🏻;;2025-05-03T12:40:42.000Z;Halodoc;Twitter
gaiss aku mau konsul jerawat ke halodoc better sama dr corry atau dr astrid teresa yaa?? pliss yg pernah kasi aku honest review nyaaa!!😩😩;;2025-05-05T18:07:24.000Z;Halodoc;Twitter
setelah hampir 3 tahun jerawatan, 1 tahun pake resep dari halodoc akhirnya aku udh gapernah jerawatan.. skrg tinggal bekasnya dikit lagi https://t.co/0uLQmjrwtg;;2025-05-08T08:36:18.000Z;Halodoc;Twitter
Di luar nama-nama besar di bawah, berikut beberapa tech-enabled companies yang bisa dibilang layak untuk IPO: – Halodoc – Sociolla – Bibit / Stockbit – Xendit – Sirclo Ada yang ingin menambahkan? Atau mungkin punya pandangan berbeda soal siapa yang paling siap melantai di bursa?;;2025-05-19T09:10:33.000Z;Halodoc;Twitter
@convomf Halodoc kata gue mah hapus aja fitur ini. Dulu gue netral krna mungkin ini bisa jd cara buat org2 lbh aware sm mental health mereka tp setelah dilihat2 ini cmn buat main2 doang dan malah self diagnose dan bukannya ke profesional malah ke base;;2025-05-03T00:46:34.000Z;Halodoc;Twitter
{mu} gais kalian yang konsul di halodoc untuk wajah pake dokter yang mana ya? Honest review ya pls🙏🏼 Lagi need banget huhuhu;;2025-05-18T12:34:41.000Z;Halodoc;Twitter
💚 [TITIPAN] Gais menurut kalian konsul ke psikolog lewat app halodoc worth it ga? Ada rekomendasi ga ya? https://t.co/AfQVc5YgJX;;2025-05-13T14:40:14.000Z;Halodoc;Twitter
"[bb] tw // disgusting ada yg pernah ngalamin ini? ga begitu gatel sii cuma aga mengganggu dan munculnya di jari² aja:( kasih saran dokter di halodoc untuk konsul dong gess:"" https://t.co/Y14LJr8qmi";;2025-05-18T03:21:55.000Z;Halodoc;Twitter
ada saran dokter di halodoc buat konsul kelamin ngga? miss v aku lagi bermasalah😢 {mu};;2025-05-29T16:55:00.000Z;Halodoc;Twitter
"@cipagemoy semenjak breakout &amp; konsul ke halodoc aku udah ga disaranin buat pakai mw + kapas sama dokternya jadi bolehnya pake cleansing oil 👍🏻 https://t.co/9aHjTI3e15";;2025-05-20T18:17:21.000Z;Halodoc;Twitter
Haloo tolong rekomendasi dokter psikolog/psikiater di halodoc yang bnrbnr responsif dan worth it dong menurut kaliann, klo bisa yg pernah bagi pengalaman juga yaa, tysm 💚;;2025-05-14T15:45:08.000Z;Halodoc;Twitter
[PAID RESEARCH – CARI RESPONDEN] Halo! Aku lagi butuh 130 responden kriterianya yang pernah konsultasi PSIKOLOG di aplikasi Halodoc Fee: 5k/orang (tf spay, no tipu2) Yang pernah pakai tolong reply yaa, pliss bantu aku lulus semester ini🥹🙏🙇‍♀️ 💚 https://t.co/F9uoRlpZH1;;2025-05-26T15:55:12.000Z;Halodoc;Twitter
selain halodoc, ada yang tahu cara bisa konsultasi ke psikolog lewat jalur online ga ?;;2025-05-03T04:01:47.000Z;Halodoc;Twitter
"tanya ada kode spkk halodoc ga yaa ? yg CLEARHALODOC3 &amp; 4 udh gabisa :((";;2025-06-22T01:41:41.000Z;Halodoc;Twitter
@tanyarlfes Nderr itu udah gak normal. better cek ke dokter, buat penanganan pertama coba online di Halodoc nih aku ada kode voc + rekomendasi dokternya. Dari pada overthinking 👉 KONSULCBWWRW (konsul) 👉 OBATCBAJB (beli obat) https://t.co/IXakshZPc2;;2025-06-01T04:11:42.000Z;Halodoc;Twitter
klik dokter, alo dokter dan halodoc worth it mana ya?;;2025-06-09T16:11:33.000Z;Halodoc;Twitter
-rl hallo, ada yg pernah konsul spkj / psikiater di halodoc? saya baru pertama kali ingin konsul, ada kah saran dokter yg komunikatif? atau ada saran lain untuk hal ini? terimakasih!;;2025-06-20T11:06:00.000Z;Halodoc;Twitter
gakuat bgt pusing sesek lemes cek halodoc jg dikit bgt yg online haha;;2025-06-26T18:08:17.000Z;Halodoc;Twitter
"""kembali sepi setelah beberapa hari ramai bersama teman teman terbukti membuat perasaan tidak tenang, ini disebabkan oleh hormon serotonin dan dopamin. Kekurangan serotonin bisa menyebabkan perasaan sedih hingga cemas"" -halodoc-";;2025-06-02T11:55:53.000Z;Halodoc;Twitter
Jam segini dah menyerah banget, akhirnya konsultasi di halodoc 🫠🫠🫠 dan mohon maaf nih obat kenapa gede2 banget woi semuanya 😭😭😭 https://t.co/VqltAvTXyj;;2025-06-24T18:08:44.000Z;Halodoc;Twitter
Yap! Jujur ya beberapa kali konsul di halodoc kek ai jawabnnya 😭 make ai disuruh konsul dokter, konsul dokter jawabannya kek ai.  (Dari dokter obygn sampe psikiater dn psikolog) Apa emng sarannya generic? Apa gmn 🥺;;2025-06-06T17:56:45.000Z;Halodoc;Twitter
di binus bisa pakai surat dokter dari halodoc ngga ya? apa harus klinik/rs gitu? sender sakit (bedridden) tapi belum sempat ngasih surat dokter ke binus, dan absennya jadi jebol.. itu bisa ngga ya? :(((;;2025-06-02T11:29:45.000Z;Halodoc;Twitter
[BB] guys, konsul di dokter spkk halodoc worth it ga ya buat permasalahan wajah? Klo iya, tolong spill dokter yg pernah sm kalian dong. Aku udah lelah banget nyobain produk2🥲 tia;;2025-06-14T11:40:06.000Z;Halodoc;Twitter
“apakah worth it buat konsul di halodoc?” jawabannya SANGAT WORTH IT SEKALI🙏  ini kondisi muka aku: satu bulan yg lalu          vs                  kemarin https://t.co/ii2i1ErcOA;;2025-06-16T11:10:11.000Z;Halodoc;Twitter
"💚 Hi, jadi responden skripsi aku mau ya.. Cuma isi kuesioner &lt;10menit kok Kriteria: • Pernah konsul psikolog/psikiater di app Halodoc • Generasi Z (individu kelahiran 1997-2012)  yg sesuai kriteria plis reply nanti aku dm &amp; barter jg bolehh. thank you all 🙇🏻‍♀️";;2025-06-07T10:50:07.000Z;Halodoc;Twitter
"bingung deh, pengen nyoba halodoc, tapi dia gk ada sistem langganan ky alodokter:"") mending lanjutin alodokter atau nyoba halodoc?";;2025-06-14T06:37:45.000Z;Halodoc;Twitter
Ealah gaboleh pake surat halodoc lagi Kalau gabisa jalan/ga ada yg nganterin/tinggal sendiri gmn Ga boleh sakit gitu?;;2025-06-12T02:54:28.000Z;Halodoc;Twitter
Baru tau halodoc skrg berbayar. Dulu inagt bgt waktu awal awal ada aplikasi itu. Ada dokter ganteng trs aku pura pura tanya tentang kelamin. Am dokternya suruh kirim fotonya.. Dengan senang hati kirim berbagai angle... 🤣;;2025-06-06T11:01:34.000Z;Halodoc;Twitter
need nokos buat halodoc/alodoc ada ga ya? #zonauang;;2025-06-12T02:10:21.000Z;Halodoc;Twitter
@ohmy_beautybank Aku 12 tahun jerawatan. Bisa dibilang lebih parah dari kamu sembuh setelah konsul di halodoc;;2025-06-20T07:37:32.000Z;Halodoc;Twitter
"Halodoc is looking for talented professionals to join our exciting journey! 🚀  Find out more &amp; apply at https://t.co/K3lc5yhyKj ✨ Dapatkan lowongan lebih lagi lewat WA channel karirspot melalui link dibawah: https://t.co/aujuXA5As5 https://t.co/Jyj3TpB210";;2025-06-12T00:43:13.000Z;Halodoc;Twitter
Ada halodoc sih cuma lebih irit kalo beli obat sendiri, sambil kliyengan 🙃.;;2025-06-03T13:38:30.000Z;Halodoc;Twitter
halodoc what https://t.co/5c9KwWptj1;;2025-06-03T04:04:48.000Z;Halodoc;Twitter
yap! tw // mental health hai, aku mau tanya. saat ini aku lagi nggak punya dana untuk ke psikolog offline. kalau aku ke ngobrol lewat psikolog di halodoc dulu apakah gapapa? aku takutnya itu nggak terhitung konsul karena ngobrol hanya via chat. terima kasih sdh menjawab!;;2025-06-07T18:54:13.000Z;Halodoc;Twitter
@dtlicate Kaa, aku ngerasa haid gak normal aja buru2 konsul sangking takutnya 😭 Kamu coba konsul ke Halodoc aja coba ka online siapa tau dapet pencerahan. Aku ke obgyn ini dan cocok. semoga membantu ya 🙏🏻 nemu kode voc juga nih ka 👉 KONSULCBWWRW (konsul) 👉 OBATCBAJB (beli obat) https://t.co/TlVXstO7gL;;2025-06-25T14:40:25.000Z;Halodoc;Twitter
konyol padahal ada alodok halodoc nanya ya ke gpt, kak kamu harusnya langsung ke dokter juga bukan luangin waktu buat curhat disini. sayangin diri sendiri lah;;2025-06-19T06:04:50.000Z;Halodoc;Twitter
"💚 Hi, jadi responden skripsi aku mau ya.. Cuma isi kuesioner &lt;10menit kok Kriteria: • Pernah konsul psikolog/psikiater di app Halodoc • Generasi Z (individu kelahiran 1997-2012) yg sesuai kriteria plis reply nanti aku dm &amp; barter jg bolehh. thank you all 🙇🏻‍♀️";;2025-06-07T11:45:12.000Z;Halodoc;Twitter
"Pernah mengalami jerawat terparah dan setelah sembuh menyadari banget kalau konsul ke Halodoc dan merhatiin konsumsi makanan &amp; ingredient skincare was the best decision I've ever made for my skin! 🥹💗 https://t.co/VyINGD81AT";;2025-06-19T03:19:13.000Z;Halodoc;Twitter
seumur” panik sampe pake halodoc cuma buat doggo ku doang 🫠;;2025-06-15T05:45:42.000Z;Halodoc;Twitter
rekomendasi dokter obgyn di Halodoc, aku cuma sekali konsuk dan langsung sama beliau 👍 aman sih baik juga ga galak sama sekali, pertanyaannya detail dan semua obat bantu aku sembuh jadi aku ga balik lagi. https://t.co/LRf4LwbN01;;2025-07-21T04:26:19.000Z;Halodoc;Twitter
guys kalian yang acne prone skin dan super sensitif bisa sembuh karena apa guys, aku udah coba konsul halodoc dan dokter offline tapi tetep aja kulitku masih jerawatan, banyak pie, dan dehidrasi, kalian treatment di klinik atau gimana ya (sender udah bingung banget harus gimana);;2025-07-11T16:06:41.000Z;Halodoc;Twitter
aku konsul ke halodoc, terus dapat rekomendasi dan udh aku lakuin, tp kok makin lama malah breakout ya muka aku? kalian ada yg pernah alamin hal ky gini? trs ttp kalian lanjut gak? 💚;;2025-07-13T07:45:08.000Z;Halodoc;Twitter
moots ada saran psikolog/psikiater di halodoc atau alodokter ga yaa tolong banget pliss thank u bgt sebelumnya;;2025-07-08T04:34:40.000Z;Halodoc;Twitter
ada kah yng pernah ke psikiater? buat pertama worth it ngga konsul online kaya di halodoc gtu atau lebih baik offline yaa? kalo offline itu prosedurnya gimana.. terima kasih sebelumnya 💛;;2025-07-08T15:02:35.000Z;Halodoc;Twitter
Haloo tolong rekomendasi dokter psikolog/psikiater di halodoc yang bnrbnr responsif dan worth it dong menurut kaliann, klo bisa yg pernah bagi pengalaman juga yaa 💚;;2025-07-25T16:05:06.000Z;Halodoc;Twitter
[BB] rekomen dokter spkk di halodoc buat konsul permasalahan wajah yg saran skincarenya works di kalian dong. trs kira2 klo mau konsul begini, ambil yg 30 menit cukup gak ya? tia🫶🏼;;2025-07-24T05:43:23.000Z;Halodoc;Twitter
temen temen ada yang pernah konsul ke halodoc ga terkait permasalahan kulit? worth it ga? ada rekomendasi dokter yang bagus ga?;;2025-07-15T05:42:40.000Z;Halodoc;Twitter
Guys ada rekomendasii psikolog online? Apa di halodoc aja yah?;;2025-07-14T01:31:46.000Z;Halodoc;Twitter
abis konsul psikiater di halodoc, dokternya baik bgt😕🫶🏻;;2025-07-22T06:04:16.000Z;Halodoc;Twitter
💚 guyss, yang ada permasalahan kulit skintype oily acne prone dan coba ke halodoc untuk dapat solusi adakah saran dokter yang betul” bagus dan enak diajak konsul? Boleh saranin dokternya? Thanks in advance ya;;2025-07-26T13:45:13.000Z;Halodoc;Twitter
menstrual pad ini ada di halodoc ga ya.. sumpah perut aku sakit bgt ya Allahhhh;;2025-07-16T23:47:42.000Z;Halodoc;Twitter
Tiap mau konsul di halodoc, gue selalu milih dokter yang ganteng buat diajak ngobrol 🫠;;2025-07-04T01:24:56.000Z;Halodoc;Twitter
Eh gw ngechat halodoc karena perut sakit udah dr rabu malam, terus kata dokternya malah suruh ke IGD karena terkesan gejala usus buntu.  Nah nanti malam gw harus anter temen ke gambir. Menurut lo gw ke IGD sekarang apa besok ya? 😞;;2025-07-05T02:02:37.000Z;Halodoc;Twitter
"📢 Hai Gen Z! Aku lagi neliti soal pengguna aplikasi Halodoc 🩺 Kalau kamu pengguna aplikasi Halodoc, boleh banget bantu isi kuisioner ini ya: 🔗 https://t.co/aVpHqIOAMN ⏱️ Kurang dari 5 menit 📚 Data dijamin aman &amp; hanya untuk keperluan akademis #Kuesioner #GenZ #Halodoc";;2025-07-15T05:00:02.000Z;Halodoc;Twitter
anak rantau seorang diri ini sangat bersyukur telah tercipta yang namanya Halodoc 🥹;;2025-07-19T12:47:37.000Z;Halodoc;Twitter
"If you need urgent counselling with a psychologist, this might help.  ❤️ Mau nambahin rekomendasi Psikolog di Halodoc, just in case ada yang butuh. My preference: cari yang senior (&gt;15 thn praktik), dan bisa konsul via video call. Alhamdulillah gue cocok dgn Mbak Silva. https://t.co/9GPqMd6GCm";;2025-07-17T01:53:21.000Z;Halodoc;Twitter
Hai guyss, barter kuesioner yuuk. Kriterianya: - usia 17+ - pernah menggunakan aplikasi ekesehatan (halodoc, alodokter, dsb) untuk layanan berbayar apapun Link: https://t.co/2Pzq9i0aHH;;2025-07-17T09:21:38.000Z;Halodoc;Twitter
gara gara williamest up foto bareng gua jadi lupa ada appointment di halodoc kocak😭 melayang sia sia 150rebu https://t.co/vQAcwtyPFk;;2025-07-07T17:38:55.000Z;Halodoc;Twitter
🚨KUPON HALODOC JULI🚨 Udah ada yang pakai gais?? Bisa dipake gak? https://t.co/GfAx5cyxDf;;2025-07-11T13:01:46.000Z;Halodoc;Twitter
💚 friendsss, saranin psikolog anak di halodoc dong, anak aku 2 tahun dan aku pgn tau dia udh tumbuh dan berkembang sesuai apa belum, mau ke psikolog scr offline blm nemu disini😭 tengzzzz🫱🏻🫲🏻 https://t.co/KY5JHw9wIQ;;2025-07-02T05:00:14.000Z;Halodoc;Twitter
day 1 konsul halodoc https://t.co/Gj787vPP7w;;2025-07-19T13:33:17.000Z;Halodoc;Twitter
Gaes, kenapa ya halodoc ku gbs2 buat pick up driver huhu;;2025-07-13T14:20:24.000Z;Halodoc;Twitter
Boleh aja sih curhat ke kucing, tapi mending langsung ke ahlinya aja yaa~ 😆 Yuk konsultasikan lewat @halodoc di Aplikasi DANA 🤗💙 https://t.co/Eec5NyihfK;;2025-07-24T03:00:35.000Z;Halodoc;Twitter
halodoc adalah kunci. ini kalau bilang ke mamah pasti dibilang biang keringat nih. https://t.co/3ODtPNCCin;;2025-07-20T13:53:30.000Z;Halodoc;Twitter
@danawallet @halodoc andalan disaat gak enak badan auto pake halodoc tanya2;;2025-07-10T06:37:12.000Z;Halodoc;Twitter
wah gilak aku sempet pake aza + mediklin (udh konsul), terus mukaku bener bener NGELUPAS, tiap hari rasanya kepanasan BUANGETTTTT (tersiksa ril), ternyata ga semua orang cocok sama hasil konsul halodoc😆🤏🏻;;2025-07-12T05:57:46.000Z;Halodoc;Twitter
osu sakit bukannya ke dokter atau halodoc malah nanya di grup anjir orang stress https://t.co/Q8oWCG7un8;;2025-07-16T03:45:02.000Z;Halodoc;Twitter
notif gw cuma notif dari ml, app kopken, alfagift, qpon, shopee, gojek, grab, halodoc.  lo gamau gitu jdi notif gw?🤏🏻☺️;;2025-07-02T10:04:27.000Z;Halodoc;Twitter
BARU LAGI‼️KUPON HALODOC: TESMCU Medical check up dari 1jutaan ➡️ 499rb VITCBOOSTER Injeksi Vit C di rumah cuma 125rb TESIMSHC Skrining Infeksi Menular Seksual jadi 249k VAKSINHD1 potongan 25% untuk semua vaksin (HPV, Flu, Meningitis dll) PRODUKCUAN Stok obat/vitamin;;2025-07-14T10:38:42.000Z;Halodoc;Twitter
maaf receh KNP LUCU BANGET😭😭😭 diesel mau coba terapi ke halodoc ga😭😭😭 https://t.co/CbBiiZyKoR;;2025-07-17T15:43:56.000Z;Halodoc;Twitter
@danawallet @halodoc alhamdulillah pertama kali pkai halodoc lngsung cuan;;2025-07-10T04:35:23.000Z;Halodoc;Twitter
#TW #acne Lagi mau apus”in foto. Trs nemu foto muka gue 4 bulan yang lalu sempet ancur gara gara ngasal make obat jerawat. Terus keinget nyoba konsul ke halodoc dan alhamdulillah udh mendingan lah ya 😭🙏🏻 https://t.co/yNbuGsxxeG;;2025-07-03T20:15:22.000Z;Halodoc;Twitter
Sumpah rekomendasi banget psikolog halodoc yg ini… nggak judgemental, jawabannya nggak template, ngebantu banget.. 🥹🥹 https://t.co/0cAybIog8A;;2025-07-27T14:56:39.000Z;Halodoc;Twitter
bacain reaksi, komen, DM kalian ttg mami n jedut tuh beneran bkin mood 📈📈 makasih ya udah sayang sama mereka.. it means a lot to me yg hidupnya dikit² halodoc, dikit² sertraline 🥹🫶🫶 https://t.co/fBzi7X1vjt;;2025-07-19T02:12:10.000Z;Halodoc;Twitter
kulit aku bener bener jerawatan yang on off banget sampe pusing harus pake skincare apalagi, terus aku konsul ke halodoc dan direkomendasikan pake beberapa produk ini, ternyata hasilnya bener bener gong banget sii!!😍💗 ini yang lagi aku pake sekarang 🛒https://t.co/pEYyuHzAXJ;;2025-07-13T23:21:43.000Z;Halodoc;Twitter
rekomendasikan psikolog di halodoc dong😛😛😛;;2025-08-17T04:30:53.000Z;Halodoc;Twitter
Hari Kemerdekaan, SPESIAL dari Halodoc Homecare! Vaksin HPV jadi 999ribu pake HPVGARDASIL Mau yang LEBIH LENGKAP pilih yang Gardasil 9 jadi Rp 1,999,000 pake kupon HPVGARDASIL9 👯‍♀️🎉 https://t.co/Yyz9Vehj6d;;2025-08-17T05:06:43.000Z;Halodoc;Twitter
{mu} guys adakah yg pernah konsul di halodoc krna bruntusan jerawat on off dan bekas jerawat, mau riviwnya dongg sender mau konsul masih raguuu;;2025-08-08T13:32:21.000Z;Halodoc;Twitter
pamer alhamdulillah udah nyampe walaupun tisu asal pilih dan halodoc ada proteksi, tp sebagai anak kost sudah sangat bersyukur 🤲🏻 https://t.co/Md33sFvTJl;;2025-09-28T08:05:51.000Z;Halodoc;Twitter
Rekomendasi psikolog di aplikasi Halodoc. Ga pernah ngomong selebar itu dan kemana mana weeh😅😛 Kalo cari yg comforting tapi to the point, bisa ke dia yaa https://t.co/xKOk4UZveA;;2025-09-20T01:55:24.000Z;Halodoc;Twitter
kcg! Guys mau nanya ada yg kucingnya pernah kayak gini? Kalau ada obatnya apa? Aku cari info katanya karna abses. Aku mau coba konsul halodoc, ini baru pertama kali aku konsul, ada yg rekomen ga nama dokternya di halodoc? Terimakasih https://t.co/cwk6w6RYto;;2025-09-21T00:10:07.000Z;Halodoc;Twitter
Kadang kita suka ragu buat ke dokter karena mikir ribet, jauh, atau takut biayanya mahal. Padahal, sekarang konsultasi kesehatan bisa lebih mudah lewat aplikasi Halodoc.;;2025-09-19T10:06:13.000Z;Halodoc;Twitter
Konsul di halodoc murah bgt. Dan nggak lama nunggu² kayak di RS, keburu meninggal.;;2025-09-08T00:50:35.000Z;Halodoc;Twitter
@tanyarlfes Kulitnya kering ya nderr? Aku dulu juga ngelupas juga. Jadinya aku pakein noroid pelembab. Soalnya konsul ke dokter yg di halodoc suruh pake ini.;;2025-09-02T06:48:46.000Z;Halodoc;Twitter
konsul psikiater di halodoc knp mahal bgt dah :(;;2025-09-09T15:37:45.000Z;Halodoc;Twitter
Halo, saat ini Halodoc sedang mencari rider Medex Delivery di area Jabodetabek, Bandung, Surabaya, Denpasar. Lokasi kerja akan disesuaikan dengan domisili driver, dan jam kerja juga fleksibel. Jika berminat, bisa dm saya ya. Thanks.  cc @hrdbacot;;2025-09-16T13:28:44.000Z;Halodoc;Twitter
Hi good morning moots, dari aku yang abis konsul halodoc. Happy weekend 🩵✨;;2025-09-13T00:49:46.000Z;Halodoc;Twitter
yaAllah udah abis 400an 2 minggu ini cuma buat halodoc konsul recovery taro tiap hari:D sbnrnya ga harusss tp w panikan banget kalo dia tbtb lemes atau gmn https://t.co/qEl1QCaBih;;2025-10-17T16:20:10.000Z;Halodoc;Twitter
"Ndes Rekomen dr spkk semarang dong yang worth it aku udh cape jrawatan coba2 gacocok😭halodoc jg susah yg klop selain erha gt2 ya aku udh cobain dr erni tapi mau minta yg ada sabun &amp; pelembabnya, dr lewie gimana reviewnya ya";;2025-10-24T02:15:16.000Z;Halodoc;Twitter
Beli Astria dan Niacef bisa di Halodoc dan bayarnya cuma Rp0 aja! Kalo udah subscribe Halodoc+ FLEXI yaa, karena nanti pembayaran bisa otomatis pake saldo Halocoinsnya. Subscribe di app Halodoc langsung ya https://t.co/JJgHiTmKvn;;2025-10-28T06:26:33.000Z;Halodoc;Twitter
work! kalian consume vitamin apa buat menunjang kerja biar fokus, ga gampang capek, cepet nangkep, dan lainnya? kalo konsul ke halodoc, ke dokter umum atau apa ya? makasiii;;2025-10-13T04:25:09.000Z;Halodoc;Twitter
infokan psikiater/psikolog klinis yang baik dan cocok sama kalian dong di halodoc, trims yaahh 💚;;2025-10-21T14:05:11.000Z;Halodoc;Twitter
GOOD NEWS untuk ACNE FIGHTERS atau pasien berjalannya SPKK HALODOC 🤣 Nyoba subscribe Halodoc+ FLEXI, bayar 99rb dapet Halocoins 198rb. Beli Astria dan Vitacid gak perlu bayar-bayar lagi, otomatis pake Halocoins dan produknya langsung dianter 🏃‍♀️💨 https://t.co/QLFM2QZiSy;;2025-10-02T13:10:19.000Z;Halodoc;Twitter
jends izin sakit boleh pake surat dr halodoc ga yaa?;;2025-10-21T13:05:46.000Z;Halodoc;Twitter
Guys tipe kulitku oily acne, pengen coba konsultasi ke halodoc saranin dokternya dong. Capek bgt jerawatan mulu😭 makasih love you girls {mu};;2025-10-23T03:08:49.000Z;Halodoc;Twitter
💚 ada yg perna beli obat di halodoc dan ga nerima obatnya ga? Sender beli di sana, ini keterangannya uda diterima padahal sender blm nerima obatnya.. solusinya gimana ya gais? Krn buat beli obat ini aja sender hrus nabung dulu😓 https://t.co/PTjousMKHY;;2025-10-23T13:35:12.000Z;Halodoc;Twitter
#intinyadeh ramai buku Dark Psychology atau Psikologi Gelap yg ternyata penulisnya bkn psikolog/lulusan psikologi, tp bikin buku teori psikologi. Daftar pustakanya jg dari artikel halodoc, hellosehat, siloamhospital, dll dan buku2 yg bkn teori psikologi. Dikritik keras netizen.;;2025-10-12T04:01:47.000Z;Halodoc;Twitter
BURUAN HALODOC https://t.co/1YuKItJ5UX https://t.co/0YOrA18KNh;;2025-10-23T17:03:55.000Z;Halodoc;Twitter
Yang bingung restock vitacid atau obat red dot lainnya di mana, ecomm udah ga boleh jual :( Coba Halodoc, biar lebih irit sekalian subscribe Halodoc+ ya https://t.co/RrqtOyeQlh;;2025-10-30T01:01:00.000Z;Halodoc;Twitter
gua akan merekomendasikan halodoc ke SEMUA ORG untuk internship, 1000/10‼️ for a gen z, one year such a longggg longggg journey, tp sumpah di halodoc 1 tahun rasanya CEPET BGT dan bahkan gua cmn intern tp bisa betah 1 tahun lamanya tuh menurut gua udh menjelaskan semuanya sih....;;2025-10-15T13:58:47.000Z;Halodoc;Twitter
Acne Fighters merapat! Beli Astria dan Niacef di Halodoc bayar Rp0 aja 😂 Alias udah otomatis bisa bayar pakai Halocoins. Cara dapat Halocoins mending langsung beli di Halodoc+ deh, pilih yang FLEXI. Pilih yang 99rb aja udah dapat benefit Halocoins up to 198rb, lumayan sih. https://t.co/YWkyqm3Exm;;2025-10-03T09:11:57.000Z;Halodoc;Twitter
Tiap ada event gede cek terus Viva halodoc dll, lupa cek td euy;;2025-10-29T17:10:28.000Z;Halodoc;Twitter
I think you need to install Halodoc and book a therapy sesh there instead of Bumble bro idk;;2025-10-05T05:02:43.000Z;Halodoc;Twitter
@ohmy_beautybank Jangan saranin treatment atau halodoc? Ini kalo misal nih, misaaal, bukan profesional trus berdasarkan pengalaman masing2, nanti jatuhnya kamu beli produk random? Trial error seberapa banyak? Halodoc dan obatnya mungkin “cuma” 200rb dibandingin eksperimen kamu nantinya.;;2025-10-16T12:35:44.000Z;Halodoc;Twitter
@happyaiss Beli gara2 liat di shopee banyak yg beli. Menurutku tulisannya muter2, intinya itu2 aja, tata bahasanya kayak tugas anak S1. Alhasil baca ga sampe selesai udah bosen, ga dilanjut sampe sekarang. Baru ngeh kl dafpusnya pake halodoc pula. Punten, bad review 😭🙏🏻;;2025-10-12T09:18:08.000Z;Halodoc;Twitter
Pesen obat di halodoc sm gofut makan udah dua jam ga dateng2 huhu, jkt kl abis ujan emg gini ya?;;2025-10-22T14:15:07.000Z;Halodoc;Twitter
18! Gw m 28 y.o, sexually active  pengen rutin skrining IMS. Ini gw cek di halointima halodoc 659rb oke ga? So far gw tertarik karena katanya petugasnya yg ke rumah untuk ambil sample, jadi gw gak repot keluar rumah. Kalo kalian ada rekomendasi lain tolong drop di reply, TIA. https://t.co/bEleOTw1lt;;2025-10-22T12:03:00.000Z;Halodoc;Twitter
@Arowana123459 tokped or halodoc bwah tho ofc you’ll need the doctor’s papers which prob you can get in hospitals especially with bpjs https://t.co/we7PpijUyE;;2025-10-12T10:45:24.000Z;Halodoc;Twitter
@tanyarlfes Waktu awal kuliah dan pertama kali ngekos jerawat ku segede batok kelapa juga, ke kampus selalu pake masker. Udah ke Airin, spkk RSUD, spkk halodoc tapi gak ada yg mempan. Terus disaranin mba apotek buat pake 2 produk ini dan berhasil. Sampe sekarang gak pernah jerawatan lagi https://t.co/egWo34f1Rc;;2025-10-17T13:53:33.000Z;Halodoc;Twitter
sick, alone, and dying in my kost 😩 halodoc and gofood the only ones checking on me;;2025-11-04T01:51:58.000Z;Halodoc;Twitter
guys di halodoc bisa bikin surat sakit ngga ya? sender anak kos dan deket sini kayaknya agak jauh dari faskes 🍀;;2025-12-03T00:08:22.000Z;Halodoc;Twitter
Nokos halodoc ada gak? #zonauang;;2025-12-30T07:23:56.000Z;Halodoc;Twitter
Hemat Konsul Dokter di Halodoc 👇 Subscribe Halodoc+ FLEXI atau SAVE! Benefitnya bisa cek di bawah atau cek varian paketnya di https://t.co/KYuefzcQIK https://t.co/GWGW52oaON;;2025-12-11T03:00:01.000Z;Halodoc;Twitter
Stok degirol, vitamin di musim bapil ini mayan dapet coins 99rb karena subscribe Halodoc+ subscribe mulai dari 99rb aja ges https://t.co/rTTLM5KyGu;;2025-12-23T02:00:01.000Z;Halodoc;Twitter
LAH KONIMEX NGELUARIN WAFER?? dijual pula di halodoc 😆😆 ngl wafernya enak gak bikin enek! https://t.co/fVXAqFYBXz;;2025-12-20T09:42:11.000Z;Halodoc;Twitter
Stok degirol, vitamin di musim bapil ini mayan dapet coins 99rb karena subscribe Halodoc+ subscribe mulai dari 99rb aja ges https://t.co/l7nLdPilQ2;;2025-12-23T02:00:01.000Z;Halodoc;Twitter
Halodoc ada voc 99% 2RB 5x  mayan guyss beli vitamin receh 300perak 5x 🤣  https://t.co/FbxxdbXs7D (wajib pake seabank ya biar ttp receh) lumayan lh make voc gratong drpda ga kepake https://t.co/nsn5lBcBjZ;;2025-12-23T17:22:13.000Z;Halodoc;Twitter
Hacks Hemat Halodoc 👇 Beli Halodoc+ FLEXI atau SAVE! Benefitnya bisa cek di bawah atau langsung cek varian paketnya di: https://t.co/tyrlxrxrx1 https://t.co/YseTYxKI1F;;2025-12-09T10:33:30.000Z;Halodoc;Twitter
𝐣𝐚𝐧𝐠𝐚𝐧 𝐩𝐞𝐫𝐧𝐚𝐡 𝐦𝐞𝐧𝐲𝐞𝐫𝐚𝐡, 𝐬𝐞𝐤𝐚𝐥𝐢𝐩𝐮𝐧 𝐤𝐢𝐭𝐚 𝐦𝐞𝐫𝐚𝐬𝐚 𝐢𝐭𝐮 𝐭𝐢𝐝𝐚𝐤 𝐦𝐮𝐧𝐠𝐤𝐢𝐧.  saya pernah ada di kondisi hidup tidak punya harapan karena ditipu hutang milyaran, pernah juga ada kondisi berat yg lain yaitu ketika dokter di rs bunda https://t.co/cnEmIP6ODG;;2025-12-11T05:50:13.000Z;Halodoc;Twitter
TW//ZOOM MUKA(JERAWAT) guys ada yg punya rekomen ga paket skincare apa?rencana mau pke ffy/camille bagus ga ya di mukaku yg begini?udh bnyk coba halodoc,treatment, pola hidup juga masih ttp bgini:(  skrg pke dr althea, fw wardah gentel, ss parasol ijo 💚 https://t.co/QNStLR83Lu;;2025-12-27T06:15:09.000Z;Halodoc;Twitter
Udah 3 kali sakit sekarang parah banget demamnya, pengen di infus sebenrnya udah ga kuat tapi orang rumah juga pada sakit apa daya jadi halodoc dulu semoga sembuh😭. #amin https://t.co/9QFq68kGNr;;2025-12-03T11:24:21.000Z;Halodoc;Twitter
"Sakit tanya Halodoc❎ Sakit tanya ChatGPT✅ (bestie penyelamatku 😭) Seisi rumah udah tumbang kena flu &amp; batuk, dan aku udah hampir ikutan… untung kemarin dibantuin ChatGPT ngatur vitamin + obat biar gejalanya gak makin jadi. 🤧✨ https://t.co/IimMyW9EL9";;2025-12-06T03:12:59.000Z;Halodoc;Twitter
close comedonya udah banyak yg jd jerawat, ini kalo difacial bisa ga ya? jgn suruh konsul halodoc karena udah ya {mu} https://t.co/u8fxB5heOC;;2025-12-20T00:51:14.000Z;Halodoc;Twitter
@lvyrnt konsul di halodoc waktu radang pernah diresepin obat ini, sekali aja sih pernah belinya. terus pernah muncul yg review degirol di x katanya rasanya enak, jadi pas radang lagi belinya degirol 🤣🤣 terus kalo org sekitar aku lagi radang, aku saranin degirol juga wkwkwk.;;2025-12-17T15:07:45.000Z;Halodoc;Twitter
Daripada batuk dan pusingnya tambah parah, tapi diluar hujan. Halodoc solusinya 😚 https://t.co/Nr1Mb027Rx;;2025-12-18T13:14:37.000Z;Halodoc;Twitter
telat mens hampir seminggu, konsul ke halodoc malah disuruh testpack😭😭 https://t.co/XHrrCyKcDl;;2025-12-05T15:15:56.000Z;Halodoc;Twitter
belinya di toko yg pasti2 aja, contohnya halodoc di sini yaa: 💌75ml (30k): https://t.co/xiObpaO9dF 💌150ml (50k): https://t.co/se8yJtOSvP 💌300ml (90k): https://t.co/I9MeQz1vP8;;2026-01-21T12:18:14.000Z;Halodoc;Twitter
@cceweivi @tanyarlfes Mang ea? manis kali mulut org basa basi memang. Gk makasih, mending chatgpt dan halodoc. https://t.co/OQyMLsvpQ6;;2026-01-09T11:54:56.000Z;Halodoc;Twitter
kalo sakit tuh bukanya halodoc bukan twitter;;2026-02-17T14:11:40.000Z;Halodoc;Twitter
tolong saranin dokter spkk yg bagus di halodoc 🙏🏻 {mu};;2026-02-13T04:55:04.000Z;Halodoc;Twitter
@awesomeposted Kalo mau beli online beli nya ke official store produk terkait, guardian, Watson,Viva, halodoc. Jangan beli di asal tempat, dunia ini penuh tipuan gaiss 😀;;2026-02-01T04:13:30.000Z;Halodoc;Twitter
@masjalah gue tuh pgn bgt beli vitD3 merk Now itu tp slalu takut KW. masalahnya skrg shopee mall aja byk yg jual barang KW apalagi yg bukan shopee mall. jd udh ga berani macem2 belinya kl ga di halodoc di official storenya misal blackmoresnya langsung etc tergantung merk yg dicari;;2026-02-02T16:56:16.000Z;Halodoc;Twitter
@arsykln Ku beli di tokonya halodoc, tp bener kok itu https://t.co/ZRc1UIXSx8;;2026-02-03T11:19:09.000Z;Halodoc;Twitter
banyak psikolog kurang kompeten emang (personal experience) dibales di halodoc pake sesuatu yang jelas2 template copy paste, terus offline clinic malah dia membuat experience ku seakan akan 'you're not special';;2026-02-09T03:04:54.000Z;Halodoc;Twitter
[bb] aku kmrn konsul ke halodoc kondisi muka ku, kata dokternya ini close comedo dan di resepin zulface+zinc. aku jg kmrn nanya dan dibolehkan treatment facial/peeling. menurut kalian mending treatment dulu atau coba resep dari holodoc? https://t.co/UdzyW9p36V;;2026-02-27T11:05:44.000Z;Halodoc;Twitter
{mu} disini ada yg pernah nyoba konsul masalah jerawat di halodoc ngga yaa? kira kira ada rekomendasi dokter yg oke? makasii sebelumnyaa🫶🏻;;2026-02-03T07:28:16.000Z;Halodoc;Twitter
saking mualnya nonton oldboy, balik-balik gua halodoc njay, i will NEVER see that movie again;;2026-02-07T11:29:43.000Z;Halodoc;Twitter
Gak semua jerawat bisa disembuhkan oleh skincare itu nyata loh. Udah nyoba banyak skincare ga mempan, udah konsul ke 4 dokter di Halodoc kumat lagi. Sembuhnya karena DIET 🫶🏻 https://t.co/DYVH9yTfRz;;2026-02-17T05:40:15.000Z;Halodoc;Twitter
Psikolog banyak kak, mulai dari 250.000 di halodoc kalo semisal sibuk.;;2026-02-24T10:47:12.000Z;Halodoc;Twitter
tw // komedo produk apa ya yg bisa ngilangin komedo mendem dan kemerahan kaya gini guys? sender udh 2x konsul halodoc disaranin aza dan mediklin oren, ga mempan dan akhirnya setahun ini sender ga pake apa apa (cuma moist sm ss) 💚 https://t.co/gBt4iG7pFr;;2026-03-25T03:55:09.000Z;Halodoc;Twitter
lagi breakout langsung konsul halodoc sama dokter rina kerasa banget baru 3 hari ke kulit agak better, pokoknya kl udah ada gejala breakout aku lgsg ke halodoc tanpa babibu lagi 🥲👍🏻;;2026-03-30T17:06:35.000Z;Halodoc;Twitter
Gw baru tau semaglutide Wegovy yg buat lose weight itu (yg semacam Ozempic itu loh) bisa dipesen langsung lewat Halodoc 😳 ini mereka suntik sendiri aja gitu yah? https://t.co/GDbsMgY1c4;;2026-03-30T04:21:09.000Z;Halodoc;Twitter
@T_rakh16 @ironmankepising @sbyfess Itu base umum soalnya bukan base kesehata, lagian misal urgent harusnya dia ke nakes lgsng kok beliau ada tenaga buat ke base bukany tanya orang terdekat dulu misal. Misal orang terdekat nggak tau pun harusnya ke nakes misal halodoc yg resp lebih akurat sih bukan ke base umum;;2026-03-25T13:14:25.000Z;Halodoc;Twitter
Dynamic Island sih Dynamic Island, tapi ga gini juga kali Halodoc. Ini mah nutupin sampe ke jam2 juga 😔 . Dynamic Island is Dynamic Island, but not like this, Halodoc. This one literally covers the clock too 😔 https://t.co/Bol4sRWrUv;;2026-03-15T12:51:26.000Z;Halodoc;Twitter
@dokjeh_ Padahal tinggal googling bahan aktif + generik + tanya2 apotek yg avail tentu dengan resep dokter dia. Atau konsul ke dokter di halodoc dan minta resep yg generic. Kalau lewat chat gini kan kasian profesi dokter yg dibayar cuma2 via chat wa;;2026-03-06T22:42:43.000Z;Halodoc;Twitter
Niat hati lebaran mau glowing, nyobain skincare baru biar warna kulit lebih cerah, malah breakout, dipakein skincare yang biasa ga mempan 🥹🥹 Alhasil konsul di Halodoc, tapi kayaknya paketnya juga telat dateng 😭😭😭 https://t.co/rqINoOlL5e;;2026-03-17T08:34:57.000Z;Halodoc;Twitter
@sbyfess what you expect, nder? kamu sadar o, selain ada opsi tanya via Halodoc/Google/AI, ada juga opsi untuk mengabaikan komen yang demikian, eh malah direply via base lagi ez bet ketrigger;;2026-03-25T11:16:06.000Z;Halodoc;Twitter
"@ShinFa_04 @flyhigharies @sbyfess 🥲 nakes mana yg liburan kak? Emamg tinggal dimana sih? Ada hp &amp; uang nggak buat halodoc? Ada temen nakes nggak?  Hal urgent soal penyakit emang baiknya ditanyakan terlebih dahulu ke tenaga ahli sih bukan ke base umum yg orangnya ber macam2";;2026-03-25T13:21:36.000Z;Halodoc;Twitter
gius undip! lebih better mendingan surat sakit halodoc apa beli surat ke org? sender sakit dn blm bisa ke klinik (kemungkinan ga ke klinik juga soalnya cuma aslam) tp dosennya yg ga terima izin tanpa surat. kl pake jatah bolos syg bgt😭😭😭;;2026-03-03T19:30:03.000Z;Halodoc;Twitter
@nocturnalcutie Udah saatnya para agen travel umroh wajib vaksin disediain mereka sendiri, kerja sama bareng RS/halodoc. Supaya mastiin jamaahnya bener2 vaksin, takut bgt umroh brg sm sekelompok jamaah ama yg gak vaksin :(;;2026-03-17T09:09:41.000Z;Halodoc;Twitter
@sbyfess Nder, kita ga bisa mengontrol tweet orang, dan jawaban orang. Tapi kamu bisa mengontrol tweet kamu, ekspetasi kamu. Gak semua platform bisa dijadikan tempat untuk serius bertanya, dan ini pun sudah menjadi hal yang diketahui banyak orang. Kalaupun kamu pengen minta bantuan, dan;;2026-03-25T12:40:55.000Z;Halodoc;Twitter
udh tenggorokan radang, perut sakit melilitttt udh konsul halodoc tp masih butuh dipukpuk lhoo aku juga;;2026-03-23T04:45:20.000Z;Halodoc;Twitter
💚 hai guys, aku mau nanya yg pernah konsultasi psikolog di Halodoc rekomenin dokter yg enak di ajak cerita, yg suka kasi saran, ngedengerin kita, pkok nya bales nya tuh ga singkat ga cuek gitu bagusnya dokter yg mana guys? Makasih ya😊;;2026-04-04T16:05:05.000Z;Halodoc;Twitter
Masih butuh bgt responden 150+😔 Kriteria: - usia min 18 tahun - pernah konseling kesehatan mental online (Halodoc,Riliv, Alodokter, dll)  https://t.co/dvgUXikUUE Ada hadiah 50k/org untuk 10 responden beruntung, yg mau barter reply/dm aja yah, makasii orang baikk 🫰;;2026-04-25T07:32:10.000Z;Halodoc;Twitter
Halo ada yg mau bantu isi atau barter kuesioner? Kriteria: 1. Pernah menggunakan layanan konseling kesehatan mental secara online (riliv, halodoc, dll) https://t.co/dvgUXikUUE   Mohon bantuannya, ada hadiah 50k/org untuk 10 responden beruntung✨ Reply/dm untuk barter;;2026-04-18T07:58:04.000Z;Halodoc;Twitter
STOP BUANG DUIT COBA-COBA MOISTURIZER INI KALO MASIH JERAWATAN‼️😭” GUE UDAH NEMU YANG “AMPUH” DARI 2023 😭🫵 INI NIH YANG SERING DIRESEPIN DOKTER DI Halodoc… https://t.co/x43RAhm6LO;;2026-04-14T02:18:18.000Z;Halodoc;Twitter
TW/ZOOM WAJAH/JERAWAT guys ini bruntusan ato apa ya?on off terus udh bertaun2 cara ngatasinnya gmna?klo iya cmn satu/dua ini berjibun dan ga sakit. udh cb halodoc setaun, treatment smpe jutaan, pola hidup sehat jg. tp msh on off terus 💚 https://t.co/L0yIoBei72;;2026-04-21T14:50:09.000Z;Halodoc;Twitter
"@missyTHX1138 @BarbarasBack @KennyCarmody @HouseLyndseyRN @pureblood_4ever @YogaswaraWahyu @NenkMonica @Boediantar4 @z4iks  25Jul2019❗️  HALODOC, Indonesia’s largest telemedicine platform, has received investment from the Bill &amp; Melinda Gates Foundation…  https://t.co/Ivj1Gr3uJz";;2026-04-29T21:23:35.000Z;Halodoc;Twitter
@Shamdtwt Pernah anakku masih bayi ada bentol merah gede, terus aku tanya halodoc. Kata dokternya “wahh bahaya itu harus dibawa ke ugd”. Jadilah malem2 aku ke ugd. Pas nyampe sana kata dokternya bukan kenapa2, ga usah khawatir. Curiga dokter di halodoc lagi ngetroll 😭;;2026-04-15T11:29:37.000Z;Halodoc;Twitter
1. Been there tapi gatau knp sbenernya ga seenjoyable itu, jatohnya malah kayak kebebeng(?) 2. Dikira gw halodoc 3. Whatever that means lmao 4. Ak ungu https://t.co/k2MNZVTg5c;;2026-04-22T21:34:48.000Z;Halodoc;Twitter
Setelah rame minggu kemarin bahas lunula, kita lanjut lagi yuk. Tapi disclaimer dulu:  Postingan ini bukan untuk mendiagnosis kondisi tubuh anda, tapi hanya sekedar informasi agar anda waspada dengan kesehatan anda.  Setiap perubahan di kuku itu mengindikasikan kondisi https://t.co/d2KmgdBJd4;;2026-04-23T12:47:11.000Z;Halodoc;Twitter
FYI, manusia itu membutuhkan air putih sebanyak 30mL x berat badan. (sumber: Halodoc) contoh: BB 60kg x 30mL = 1,8 liter/hari;;2026-04-29T02:45:00.000Z;Halodoc;Twitter
sp punya halodoc;;2026-04-26T04:57:55.000Z;Halodoc;Twitter
https://t.co/s6TRe2FQoT;;2026-04-15T22:55:54.000Z;Halodoc;Twitter
guys jujur kalo mau konsul mending di dm aja ya, revo gua PENUH dan gue bingung bales yg mana aja😭 dm ga gua tagih biaya kok serius inimah halodoc free;;2026-04-06T13:28:28.000Z;Halodoc;Twitter
obat tdr apa yg bgs ya ak mau beli di halodoc🥲;;2026-05-04T15:38:34.000Z;Halodoc;Twitter
rek! ada yang pernah buat surat sakit di halodoc ga? bisa diterima kah? bentuknya  akan gmn ya suratnya..;;2026-05-11T08:58:32.000Z;Halodoc;Twitter
GIMANA HASILNYA KONSUL JERAWAT DI HALODOC?  Aku mau sharing pengalaman konsul di halodoc waktu breakout tahun lalu sampai membaik Thread nya lumayan panjang karena total konsul 4 kali. Simak sampai selesai, semoga membantu👇🏻  From this                             To this https://t.co/asbdgDF8fi;;2026-05-23T06:59:50.000Z;Halodoc;Twitter
sepagi ini udah konsul halodoc;;2026-05-11T01:09:06.000Z;Halodoc;Twitter
Halo temen2 aku butuh sekitar 70 responden lagi nihh kriterianya: 1. Minimal berusia 21 tahun 2. Pernah/bersedia menggunakan chatbot AI halodoc (bisa lewat app/web)  Kalau mau barter dm/rep yaa kebetulan aku lagi fast resp thankuu https://t.co/TU16evPqIj;;2026-05-07T11:48:16.000Z;Halodoc;Twitter
Perdana seumur hidup konsul di halodoc… kok aku deg2an ya 😭😭😭😭 pdhl mau beli obat jerawat doang 💀;;2026-05-14T11:50:03.000Z;Halodoc;Twitter
aku penasaran dan ingin bertanya, tp klo aku konsul di halodoc cm utk bertanya, abis dong duit ak 😓;;2026-05-19T06:01:58.000Z;Halodoc;Twitter
Alergi mulu aku😭 mahal bgt obatnya tiap bulan pake halodoc alias yaelah mau gimana lagi jadi yauda lah ya https://t.co/Magk9KZ1cG;;2026-05-03T14:05:36.000Z;Halodoc;Twitter
@billionairemans di halodoc aja tetep rata kanan anjritt sedih :((;;2026-05-29T04:35:27.000Z;Halodoc;Twitter
https://t.co/0LrR0QGeI4;;2026-05-08T06:45:46.000Z;Halodoc;Twitter
{mu} first time konsul di halodoc kaget bgt plis resepku bnyk bgt😭kalo kaya obat vitamin astria gausa beli dulu gpp kah, karna lgi minim budget🥺soalnya harganya lumayan2 smua. Ohya ini klo beli sndiri di apotek offline gpp kan guys? https://t.co/yDBZQ4n36J;;2026-05-21T14:55:36.000Z;Halodoc;Twitter
🚨🚨 Cowok2 pasti banyak yang belum tahu.  Kekuatan ereksi kalian bisa diukur loh pake EHS. Erection Hardness Score (EHS) adalah sebuah alat ukur sederhana berupa skala 1-4 (kadang disebut 0-4) yang dinilai sendiri oleh pasien berdasarkan kekerasan penis saat ereksi. Berikut https://t.co/9PdWl9m4Kx;;2026-05-29T13:18:04.000Z;Halodoc;Twitter
Mending subscribe akun saya .. bisa konsul macam halodoc di dm 🤣;;2026-05-29T10:45:55.000Z;Halodoc;Twitter
padahal ya kalau mau ngewe ya ngewe aja orang mah ga peduli, tapi ya tapi kalau lo takut bunting yang pake kondom bgst. ngewe ga malu beli kondom malu, bisa beli di halodoc, gomart, duh kok orang pada bloon bloon amat sih😩 selamat menjadi ayah dan ibu;;2026-05-27T04:40:31.000Z;Halodoc;Twitter
"[bb] kmrn prtm kali minum obat antibiotik krn resep dokter buat ngilangin nyeri gigi, abs minum bbrp jam muka jd kaku&amp;ketarik, trs bsknya mncl bruntusan jidat &amp; pipi, mlmnya konsul halodoc diresepin anti alergi. ini tggu alergi reda dia bkl ilang sndri kah? apa hrs di pletusin dl https://t.co/XCMThEgkqq";;2026-05-02T00:18:23.000Z;Halodoc;Twitter
@billionairemans Eh tapi serius kalian yang masih pake halodoc mending coba pake alodokter, dokter nya sesuai semua sm rating nya, ga slow respon, kokunikatif, lebih murah jg;;2026-05-29T06:22:01.000Z;Halodoc;Twitter
baru mau coba halodoc mau ke bagian psikolog,vbuat mastiin penyakit mental apa sih yang sabenernya aku punya. karna selama ini hanya menerka2 kalo aku ada anxienty, worth it ga 60k tuh plis yang pernah NO SALTY 💚;;2026-05-05T11:40:12.000Z;Halodoc;Twitter
guys 💚 aku mau pakai halodoc untuk psikolog nya, yay/no? ada plus minus nya ga ya? yg udah pernah mau dong reviewnya:));;2026-05-23T23:10:05.000Z;Halodoc;Twitter
Berikut adalah tanda-tanda utama wanita yang sedang terangsang: Tanda Fisik (Respon Alami): 1. Pelumasan Vagina: Area organ intim memproduksi cairan pelumas alami. 2. Payudara dan Puting: Puting mengeras, payudara membesar, dan areola terlihat lebih gelap akibat aliran darah;;2026-05-26T01:49:30.000Z;Halodoc;Twitter
@billionairemans halodoc ya? itumah isinya dogter semua cuma pengen duitnya, coba ke alodokter responnya lebih bagus dan ramah2;;2026-05-29T07:42:13.000Z;Halodoc;Twitter
Rekom Halodoc kalo badan keringetan pke Cherry Blossom ap lgi abis mandi kek gini bikin tambah wangi😭🤏🏻 https://t.co/kVm6N8MI1j;;2026-05-25T12:50:20.000Z;Halodoc;Twitter
